{
	"beam": {
		"title": "Beam",
		"description": "Beam is among the very first Copy Abilities in the Kirby series, first appearing in Kirby's Adventure, and showing up in a large array of subsequent games. In its simplest form, it allows Kirby to fire a short-range line of energy that starts high and drags downward. Using this ability forces Kirby to stop for a brief moment, but its range allows him to strike targets before they reach him, or even through walls. Used while falling, it can be an effective means of dealing with many foes ahead of Kirby, but using it above a bottomless pit may pose a danger, preventing Kirby from acting out of the attack until it is too late.",
		"colors": ["red", "orange", "white"],
		"image": "costume_beam.png"
	},
	"burning": {
		"title": "Burning",
		"description": "The Burning ability is one of Kirby's most distinct and iconic powers from the early days of his series. Upon obtaining this ability in Kirby: Nightmare in Dream Land and Kirby & The Amazing Mirror, Kirby dons a golden crown with a small red flame emblem attached to it. Also, while moving around, his hands are ablaze. In all earlier appearances, however, he gains no distinct change in appearance until using his fireball tackle attack. The attack itself automatically halts Kirby's vertical momentum and sends him careening at high speed straight forward, plowing through enemies, metal blocks, and other obstacles along the way. While traveling in this fashion, Kirby cannot be harmed by most things, though there is a brief window of vulnerability after finishing the attack where Kirby cannot move freely. This makes using the attack above bottomless pits or near spikes dangerous. Additionally, if Kirby slams into a wall while using the attack, he will recoil and bounce upward slightly. In certain situations, this can actually aid his movement, particularly in Kirby: Canvas Curse, where Kirby is otherwise dependent on Rainbow Lines to move upward.",
		"colors": ["red", "orange", "yellow"],
		"image": "costume_burning.png"
	},
	"cutter": {
		"title": "Cutter",
		"description": "Cutter is among the oldest and most ubiquitous Copy Abilities in the Kirby series, first appearing in Kirby's Adventure and reappearing in every subsequent main-series title, along with several spin-offs. In its most basic form, it gives Kirby the ability to throw bladed boomerang projectiles that travel a short distance in front of him before flying back. While the range forward is rather limited, if Kirby gets out of the way of his boomerang as it returns, it will fly past him and keep traveling until it leaves the screen or hits something. As such, it is often useful for Kirby to use this ability while facing away from his target in order to keep a safer distance.",
		"colors": ["yellow", "white"],
		"image": "costume_cutter.png"
	},
	"freeze": {
		"title": "Freeze",
		"description": "Freeze is a Copy Ability in the Kirby series that has similar properties to Ice. Freeze is a barrier technique ability, which means Kirby surrounds himself in the ability's element while using it and cannot move while doing so. In all games it appears in, Freeze is primarily obtained from swallowing Chilly, as well as the Mid-Boss Mr. Frosty; if Freeze does not appear in a game, these opponents yield the Ice ability instead. Freeze does not give Kirby a distinctive outfit or hat in most of the games it appears in, but in Kirby: Nightmare in Dream Land and Kirby Air Ride, Kirby gains a blue parka, nearly identical to the one he gains when copying the Ice Climbers in the Super Smash Bros. games.",
		"colors": ["blue", "white"],
		"image": "costume_freeze.png"
	},
	"hammer": {
		"title": "Hammer",
		"description": "Hammer is among the original set of Copy Abilities which appeared in Kirby's Adventure, and since then has not changed much from its fundamental function and role. In its most basic form, the Hammer ability can be seen as a stronger but slower and lower-range form of the Sword ability, allowing Kirby to make an overhead swing or a spinning aerial (or underwater) swing to pound his enemies for massive damage. The hammer can also be used to break away metal blocks and pound stakes, which makes it useful to collect hidden items or access secret chambers. To use this ability effectively, Kirby needs to anticipate when his enemies might strike and hit them in the opportune moment, as any miscalculation will leave him wide open for counterattack. Masters of the Hammer ability can dish out serious damage in a very short amount of time, making Hammer a common pick for completing game modes like The Arena quickly.",
		"colors": ["orange", "yellow", "gray"],
		"image": "costume_hammer.png"
	},
	"hi-jump": {
		"title": "Hi Jump",
		"description": "Hi-Jump is an infrequent Copy Ability that debuted in Kirby's Adventure. Kirby can get it by swallowing a Starman, and while using the ability, he gains a winged circlet and superhero-like cape. Using this ability, Kirby can jump very high, damaging foes he collides with and gaining invincibility during the jump. Later games would expand Hi-Jump's movement capabilities, allowing Kirby to leap even while in the air, or even rocket downward with a similarly devastating dive, with steering controls for both directions that are tricky to master, but allow for pin-point precision.",
		"colors": ["red", "blue", "yellow"],
		"image": "costume_hi-jump.png"
	},
	"ice": {
		"title": "Ice",
		"description": "Ice is among the oldest copy abilities in Kirby's arsenal, and serves as a natural counterpart to Fire, appearing in a similar number of games to that ability and having its own on and off again partner in the form of the Freeze ability. In its simplest form, the Ice ability allows Kirby to breathe a cone of ice at his opponents to freeze them solid. While Ice's breath attack cannot be controlled as finely as Fire's, the secondary effect is that Kirby can kick enemies he freezes to make them slide forward, potentially defeating other enemies they collide with. Using this ice breath also allows Kirby to cool down fiery hazards like magma blocks, or in Kirby: Squeak Squad, freeze the surface of water. In Kirby and the Forgotten Land, Ice Kirby can even skate on the surface of lava to avoid damage.",
		"colors": ["yellow", "blue", "indigo", "violet", "white"],
		"image": "costume_ice.png"
	},
	"laser": {
		"title": "Laser",
		"id": "laser",
		"description": "Laser is an occasionally-occurring Copy Ability traditionally obtained by swallowing enemies like Laser Ball and Metal Guardian. It allows Kirby to fire laser beams which can quickly strike opponents from a distance for moderate damage. Kirby can only fire these beams horizontally, but in every game it appears, the Laser shot ricochets off of slanted terrain, which is useful for solving puzzles, such as striking Bomb Blocks overhead. The ability can also be used to light cannon fuses, even those that are underwater, which is the intended solution for a particular puzzle in the Orange Ocean level in Kirby's Adventure and Kirby: Nightmare in Dream Land. When obtaining this ability, Kirby gains a pair of futuristic goggles with an unevenly large glass reticle inset, which he briefly lowers over his eyes when he is ready to shoot a laser. In Kirby's Adventure, however, Kirby shoots this laser from his hand instead.",
		"colors": ["blue", "gray"],
		"image": "costume_laser.png"
	},
	"needle": {
		"title": "Needle",
		"description": "Depending on which game the ability appears in, Needle can have many different functions and utilities, with some games focusing more on its defensive aspects while others focus more on its mobility. Regardless of the particulars, Needle Kirby always has at least one basic move, which is to sit in place and protrude needles outward in all directions, damaging any enemies that touch them.",
		"colors": ["red", "violet", "white"],
		"image": "costume_needle.png"
	},
	"parasol": {
		"title": "Parasol",
		"description": "Parasol is one of Kirby's simpler and yet more versatile abilities. Its primary attribute is the ability for Kirby to shield himself from attacks from above (even when hovering), and the ability to float gently downward in the air. Some games employ wind currents which can influence Kirby's trajectory when he is drifting on his Parasol, even carrying him upward in some cases. It is also one of the few abilities which can be used underwater, though its utility there is more limited. Starting in Kirby Super Star, Parasol would gain more of its signature properties, including its special guard, its drill attack, and its Circus Throw technique.",
		"colors": ["red", "yellow", "white"],
		"image": "costume_parasol.png"
	},
	"sleep": {
		"title": "Sleep",
		"description": "As Kirby is immobile during the sleep ability, there are no skills obtained when receiving it in most games.[1] In Kirby: Squeak Squad however, if Kirby gets the Ability Scroll for it, it will heal his damage a little bit during his slumber. In Kirby's Return to Dream Land, Kirby may prematurely wake up from sleep if the player shakes the Wii Remote or rapidly pushes the +Control Pad in different directions. This also works in Kirby: Triple Deluxe and Kirby: Planet Robobot, though only by mashing the Circle Pad or +Control Pad. Doing so causes a bubble to grow on his face, which will wake him up when popped. In Kirby Star Allies, shaking the controller or waggling the control stick will wake Kirby up like in past entries, but a Friend can also wake Kirby up by popping the bubble on his face.",
		"colors": ["green", "white"],
		"image": "costume_sleep.png"
	},
	"spark": {
		"title": "Spark",
		"description": "Spark is a recurring Copy Ability in the Kirby series that debuted in Kirby's Adventure and has since been established as one of Kirby's most iconic and common abilities, alongside powers like Fire and Ice, particularly due to being among the few abilities to appear in Kirby's Dream Land 2, Kirby's Dream Land 3 and Kirby 64: The Crystal Shards. It has similar properties to Plasma, another electricity-based power.",
		"colors": ["yellow", "blue", "green", "white"],
		"image": "costume_spark.png"
	},
	"star-rod": {
		"title": "Star-Rod",
		"description": "The Star Rod is a magical scepter that serves as the symbol of Dream Land and acts as the heart of the Fountain of Dreams, supplying it with the power to send pleasant and peaceful dreams to all of the residents of the kingdom. According to legend, the large glowing star that forms the tip was a fragment from a star that had fallen into Dream Land long ago, and the Star Rod itself created the Fountain of Dreams.[1] When King Dedede shatters the Star Rod into seven pieces, the fountain ceases to function, and it becomes Kirby's task to gather all the pieces from King Dedede's friends and put it back together again. Once the restored Star Rod is in Kirby's hands, he can swing it to fire Star Bullets at rapid pace or strike close-up with a spinning jump attack; both of which he uses to battle and defeat Nightmare.",
		"colors": ["red", "yellow", "white"],
		"image": "costume_star-rod.png"
	},
	"stone": {
		"title": "Stone",
		"description": "Stone is among the simplest and most straightforward of Kirby's Copy Abilities, though it has a lot of variants and emergent uses. In its simplest form, Kirby transforms into a solid immobile object which is affected only by gravity. In this state, Kirby becomes immune to all but the strongest enemy attacks, though this is counterbalanced by the fact that his movement options become extremely limited if not completely absent. Due to the amount of time it often takes for Kirby to use his Stone Change, whether turning into the stone or transforming back to normal, it is often impractical to use Stone offensively, particularly during boss fights. When transformed, Stone Kirby falls extremely quickly, which is useful for certain vertical stage sections, but Kirby should be careful not to fall too far in many places, as he might be lost to a bottomless pit before he can change back. Falling into a hazardous area like a spike pit can also be problematic, as Kirby is basically guaranteed to take a hit as soon as he transforms back. One other notable aspect of Stone Kirby in most of his appearances is his ability to slide down slopes, which can be used in many cases to travel quickly and safely through tight tunnels packed with enemies. Stone Kirby's heavy weight also allows him to quickly sink in water, pound Stakes, and break metal blocks.",
		"colors": ["red", "yellow", "indigo"],
		"image": "costume_stone.png"
	},
	"sword": {
		"title": "Sword",
		"description": "Sword is a Copy Ability which grants Kirby a blade to wield against his foes. First appearing in Kirby's Adventure, this is one of Kirby's oldest and most essential abilities, and has since become one of the most ubiquitous and recognizable Copy Abilities in the series - often being among the first (if not the very first) seen. When utilizing it, Kirby adopts a green hat with a yellow brim and a pompom at its tip, which grants him a look similar to that of Link from the The Legend of Zelda series. The most common way to obtain the Sword ability is by inhaling Sword Knight, Blade Knight, or the Mid-Boss Gigant Edge. Sword is also notable for being one of the abilities that can be used underwater, making it very versatile. In Kirby's Return to Dream Land, there is a super version of this ability called Ultra Sword.",
		"colors": ["green", "yellow", "blue", "white"],
		"image": "costume_sword.png"
	},
	"tornado": {
		"title": "Tornado",
		"description": "Tornado is one of Kirby's most powerful and potent Copy Abilities, giving him several seconds of sustained invulnerability while he moves rapidly, defeating or passing through nearly any enemy and obstacle along the way. In most of his appearances, however, Tornado Kirby is forced to move while using his attack, and he will rapidly bound off of surfaces, making controlling him tricky. Starting up and finishing the attack requires some time as well, making Tornado's attack tricky to use against bosses without getting hit during those periods of vulnerability. In most of Tornado's appearances, holding down the jump button will make Kirby rise slowly while using the attack, allowing him to take to the sky as needed.",
		"colors": ["gray", "white", "violet", "green", "yellow"],
		"image": "costume_tornado.png"
	},
	"wheel": {
		"title": "Wheel",
		"description": "Wheel is a classic transformation-style Copy Ability, as the player merely taps a button to make Kirby turn into and out of the Wheel form. When in Wheel form, Kirby acquires an entirely different set of movement options and physics. He will automatically race forward in whatever direction he is facing at very high speed, following the contours of the ground he rolls on. When going off a ledge, Wheel Kirby will fall rapidly, and will bounce back and automatically revert to normal when hitting a wall or other solid obstacle that he cannot plow through. To get over most roadblocks, Wheel Kirby has access to a single jump which has a shorter height than his regular one. To turn around, Kirby has to stop and make a quick hop before moving in the other direction, and sometimes needs to skid forward a bit first. While stopping to turn, Wheel Kirby is vulnerable to being hit by enemies, but is otherwise invulnerable to normal attacks and most hazards while moving. Wheel Kirby's main means of attack is by collision, and he can deal many hits to larger foes, Mid-Bosses, and bosses by running through them, but the damage output is not particularly high, so Wheel is not ideal for fighting in most cases.",
		"colors": ["red", "yellow", "white"],
		"image": "costume_wheel.png"
	}
}